Model,Task,Model Family,Feature / Input,Accuracy,Macro F1,Recall,ROC-AUC,Train Time (s),Inf Time (s)
Logistic Regression,severity,ML,bow,0.7296,0.493,0.5137,,2.8,0.0014
Linear SVM,severity,ML,bow,0.7456,0.3355,0.3386,,7.1,0.0068
Multinomial NB,severity,ML,bow,0.7495,0.5063,0.5321,,0.0,0.0015
Logistic Regression,severity,ML,tfidf,0.7586,0.5469,0.5764,,1.5,0.0019
Linear SVM,severity,ML,tfidf,0.7764,0.4031,0.407,,0.9,0.0073
Multinomial NB,severity,ML,tfidf,0.782,0.4186,0.4511,,0.0,0.0016
Logistic Regression,severity,ML,tfidf_struct,0.7688,0.6169,0.682,,3.0,0.0024
Linear SVM,severity,ML,tfidf_struct,0.7901,0.4344,0.4355,,13.9,0.0082
Logistic Regression,risk,ML,tfidf_struct,0.9245,0.9217,0.9399,0.9759,0.2,0.002
Random Forest,risk,ML,tfidf_struct,0.9269,0.9236,0.9579,0.9799,61.9,1.1132
XGBoost,risk,ML,tfidf_struct,0.9317,0.9291,0.9484,0.9825,100.5,0.1268
